sample,cluster
SAMPLE 1,7
SAMPLE 2,14
SAMPLE 3,14
SAMPLE 4,14
SAMPLE 5,14
SAMPLE 6,7
SAMPLE 7,7
SAMPLE 8,14
SAMPLE 9,7
SAMPLE 10,14
SAMPLE 11,14
SAMPLE 12,14
SAMPLE 13,2
SAMPLE 14,7
SAMPLE 15,1
SAMPLE 16,1
SAMPLE 17,7
SAMPLE 18,14
SAMPLE 19,4
SAMPLE 20,4
SAMPLE 21,1
SAMPLE 22,14
SAMPLE 23,7
SAMPLE 24,7
SAMPLE 25,7
SAMPLE 26,14
SAMPLE 27,7
SAMPLE 28,14
SAMPLE 29,7
SAMPLE 30,7
SAMPLE 31,4
SAMPLE 32,4
SAMPLE 33,4
SAMPLE 34,4
SAMPLE 35,4
SAMPLE 36,4
SAMPLE 37,4
SAMPLE 38,4
SAMPLE 39,4
SAMPLE 40,4
SAMPLE 41,4
SAMPLE 42,4
SAMPLE 43,4
SAMPLE 44,4
SAMPLE 45,4
SAMPLE 46,4
SAMPLE 47,4
SAMPLE 48,4
SAMPLE 49,4
SAMPLE 50,4
SAMPLE 51,4
SAMPLE 52,4
SAMPLE 53,4
SAMPLE 54,4
SAMPLE 55,4
SAMPLE 56,4
SAMPLE 57,13
SAMPLE 58,13
SAMPLE 59,13
SAMPLE 60,13
SAMPLE 61,13
SAMPLE 62,2
SAMPLE 63,2
SAMPLE 64,2
SAMPLE 65,2
SAMPLE 66,2
SAMPLE 67,2
SAMPLE 68,2
SAMPLE 69,4
SAMPLE 70,4
SAMPLE 71,4
SAMPLE 72,4
SAMPLE 73,4
SAMPLE 74,4
SAMPLE 75,4
SAMPLE 76,4
SAMPLE 77,4
SAMPLE 78,4
SAMPLE 79,4
SAMPLE 80,13
SAMPLE 81,13
SAMPLE 82,13
SAMPLE 83,13
SAMPLE 84,13
SAMPLE 85,13
SAMPLE 86,13
SAMPLE 87,1
SAMPLE 88,13
SAMPLE 89,1
SAMPLE 90,13
SAMPLE 91,13
SAMPLE 92,13
SAMPLE 93,13
SAMPLE 94,13
SAMPLE 95,13
SAMPLE 96,13
SAMPLE 97,13
SAMPLE 98,13
SAMPLE 99,13
SAMPLE 100,2
SAMPLE 101,2
SAMPLE 102,2
SAMPLE 103,2
SAMPLE 104,2
SAMPLE 105,2
SAMPLE 106,2
SAMPLE 107,2
SAMPLE 108,2
SAMPLE 109,2
SAMPLE 110,2
SAMPLE 111,4
SAMPLE 112,4
SAMPLE 113,4
SAMPLE 114,4
SAMPLE 115,4
SAMPLE 116,4
SAMPLE 117,4
SAMPLE 118,4
SAMPLE 119,4
SAMPLE 120,4
SAMPLE 121,2
SAMPLE 122,2
SAMPLE 123,11
SAMPLE 124,2
SAMPLE 125,5
SAMPLE 126,11
SAMPLE 127,11
SAMPLE 128,13
SAMPLE 129,13
SAMPLE 130,13
SAMPLE 131,13
SAMPLE 132,13
SAMPLE 133,13
SAMPLE 134,13
SAMPLE 135,13
SAMPLE 136,4
SAMPLE 137,6
SAMPLE 138,4
SAMPLE 139,4
SAMPLE 140,11
SAMPLE 141,13
SAMPLE 142,11
SAMPLE 143,11
SAMPLE 144,6
SAMPLE 145,11
SAMPLE 146,9
SAMPLE 147,10
SAMPLE 148,9
SAMPLE 149,9
SAMPLE 150,13
SAMPLE 151,13
SAMPLE 152,13
SAMPLE 153,1
SAMPLE 154,13
SAMPLE 155,13
SAMPLE 156,13
SAMPLE 157,2
SAMPLE 158,13
SAMPLE 159,13
SAMPLE 160,13
SAMPLE 161,13
SAMPLE 162,13
SAMPLE 163,13
SAMPLE 164,13
SAMPLE 165,13
SAMPLE 166,13
SAMPLE 167,13
SAMPLE 168,13
SAMPLE 169,13
SAMPLE 170,13
SAMPLE 171,13
SAMPLE 172,13
SAMPLE 173,2
SAMPLE 174,2
SAMPLE 175,9
SAMPLE 176,4
SAMPLE 177,4
SAMPLE 178,4
SAMPLE 179,13
SAMPLE 180,13
SAMPLE 181,1
SAMPLE 182,13
SAMPLE 183,13
SAMPLE 184,1
SAMPLE 185,13
SAMPLE 186,13
SAMPLE 187,13
SAMPLE 188,13
SAMPLE 189,13
SAMPLE 190,1
SAMPLE 191,13
SAMPLE 192,13
SAMPLE 193,13
SAMPLE 194,10
SAMPLE 195,9
SAMPLE 196,13
SAMPLE 197,13
SAMPLE 198,13
SAMPLE 199,13
SAMPLE 200,1
SAMPLE 201,13
SAMPLE 202,13
SAMPLE 203,13
SAMPLE 204,13
SAMPLE 205,13
SAMPLE 206,13
SAMPLE 207,13
SAMPLE 208,10
SAMPLE 209,9
SAMPLE 210,2
SAMPLE 211,11
SAMPLE 212,9
SAMPLE 213,9
SAMPLE 214,10
SAMPLE 215,2
SAMPLE 216,11
SAMPLE 217,2
SAMPLE 218,9
SAMPLE 219,2
SAMPLE 220,2
SAMPLE 221,9
SAMPLE 222,9
SAMPLE 223,2
SAMPLE 224,13
SAMPLE 225,13
SAMPLE 226,13
SAMPLE 227,13
SAMPLE 228,13
SAMPLE 229,13
SAMPLE 230,13
SAMPLE 231,4
SAMPLE 232,4
SAMPLE 233,4
SAMPLE 234,3
SAMPLE 235,3
SAMPLE 236,3
SAMPLE 237,7
SAMPLE 238,3
SAMPLE 239,3
SAMPLE 240,3
SAMPLE 241,3
SAMPLE 242,3
SAMPLE 243,3
SAMPLE 244,3
SAMPLE 245,3
SAMPLE 246,3
SAMPLE 247,3
SAMPLE 248,3
SAMPLE 249,3
SAMPLE 250,3
SAMPLE 251,3
SAMPLE 252,3
SAMPLE 253,3
SAMPLE 254,3
SAMPLE 255,3
SAMPLE 256,3
SAMPLE 257,3
SAMPLE 258,3
SAMPLE 259,14
SAMPLE 260,7
SAMPLE 261,7
SAMPLE 262,14
SAMPLE 263,7
SAMPLE 264,14
SAMPLE 265,7
SAMPLE 266,14
SAMPLE 267,3
SAMPLE 268,3
SAMPLE 269,3
SAMPLE 270,3
SAMPLE 271,3
SAMPLE 272,3
SAMPLE 273,11
SAMPLE 274,11
SAMPLE 275,4
SAMPLE 276,13
SAMPLE 277,13
SAMPLE 278,13
SAMPLE 279,13
SAMPLE 280,13
SAMPLE 281,13
SAMPLE 282,13
SAMPLE 283,13
SAMPLE 284,13
SAMPLE 285,13
SAMPLE 286,4
SAMPLE 287,4
SAMPLE 288,4
SAMPLE 289,4
SAMPLE 290,13
SAMPLE 291,13
SAMPLE 292,13
SAMPLE 293,13
SAMPLE 294,13
SAMPLE 295,13
SAMPLE 296,4
SAMPLE 297,4
SAMPLE 298,4
SAMPLE 299,4
SAMPLE 300,4
SAMPLE 301,4
SAMPLE 302,4
SAMPLE 303,4
SAMPLE 304,4
SAMPLE 305,4
SAMPLE 306,4
SAMPLE 307,4
SAMPLE 308,4
SAMPLE 309,4
SAMPLE 310,4
SAMPLE 311,4
SAMPLE 312,4
SAMPLE 313,4
SAMPLE 314,4
SAMPLE 315,4
SAMPLE 316,4
SAMPLE 317,4
SAMPLE 318,4
SAMPLE 319,4
SAMPLE 320,4
SAMPLE 321,4
SAMPLE 322,4
SAMPLE 323,4
SAMPLE 324,4
SAMPLE 325,4
SAMPLE 326,4
SAMPLE 327,4
SAMPLE 328,4
SAMPLE 329,11
SAMPLE 330,11
SAMPLE 331,11
SAMPLE 332,11
SAMPLE 333,11
SAMPLE 334,4
SAMPLE 335,11
SAMPLE 336,11
SAMPLE 337,7
SAMPLE 338,11
SAMPLE 339,11
SAMPLE 340,11
SAMPLE 341,11
SAMPLE 342,4
SAMPLE 343,4
SAMPLE 344,11
SAMPLE 345,4
SAMPLE 346,6
SAMPLE 347,11
SAMPLE 348,11
SAMPLE 349,11
SAMPLE 350,4
SAMPLE 351,11
SAMPLE 352,4
SAMPLE 353,11
SAMPLE 354,4
SAMPLE 355,11
SAMPLE 356,4
SAMPLE 357,11
SAMPLE 358,4
SAMPLE 359,11
SAMPLE 360,11
SAMPLE 361,11
SAMPLE 362,11
SAMPLE 363,11
SAMPLE 364,4
SAMPLE 365,4
SAMPLE 366,4
SAMPLE 367,4
SAMPLE 368,4
SAMPLE 369,4
SAMPLE 370,4
SAMPLE 371,4
SAMPLE 372,4
SAMPLE 373,11
SAMPLE 374,11
SAMPLE 375,11
SAMPLE 376,11
SAMPLE 377,11
SAMPLE 378,11
SAMPLE 379,4
SAMPLE 380,1
SAMPLE 381,1
SAMPLE 382,4
SAMPLE 383,4
SAMPLE 384,4
SAMPLE 385,4
SAMPLE 386,4
SAMPLE 387,4
SAMPLE 388,1
SAMPLE 389,13
SAMPLE 390,13
SAMPLE 391,13
SAMPLE 392,13
SAMPLE 393,13
SAMPLE 394,13
SAMPLE 395,1
SAMPLE 396,13
SAMPLE 397,13
SAMPLE 398,1
SAMPLE 399,13
SAMPLE 400,13
SAMPLE 401,13
SAMPLE 402,1
SAMPLE 403,13
SAMPLE 404,1
SAMPLE 405,1
SAMPLE 406,13
SAMPLE 407,13
SAMPLE 408,1
SAMPLE 409,13
SAMPLE 410,13
SAMPLE 411,13
SAMPLE 412,13
SAMPLE 413,13
SAMPLE 414,13
SAMPLE 415,13
SAMPLE 416,13
SAMPLE 417,13
SAMPLE 418,1
SAMPLE 419,13
SAMPLE 420,13
SAMPLE 421,13
SAMPLE 422,13
SAMPLE 423,13
SAMPLE 424,13
SAMPLE 425,1
SAMPLE 426,13
SAMPLE 427,13
SAMPLE 428,13
SAMPLE 429,13
SAMPLE 430,13
SAMPLE 431,13
SAMPLE 432,13
SAMPLE 433,13
SAMPLE 434,13
SAMPLE 435,1
SAMPLE 436,13
SAMPLE 437,13
SAMPLE 438,13
SAMPLE 439,13
SAMPLE 440,1
SAMPLE 441,13
SAMPLE 442,13
SAMPLE 443,13
SAMPLE 444,13
SAMPLE 445,13
SAMPLE 446,13
SAMPLE 447,13
SAMPLE 448,13
SAMPLE 449,13
SAMPLE 450,13
SAMPLE 451,13
SAMPLE 452,13
SAMPLE 453,13
SAMPLE 454,13
SAMPLE 455,13
SAMPLE 456,13
SAMPLE 457,13
SAMPLE 458,13
SAMPLE 459,13
SAMPLE 460,13
SAMPLE 461,1
SAMPLE 462,13
SAMPLE 463,13
SAMPLE 464,13
SAMPLE 465,1
SAMPLE 466,13
SAMPLE 467,13
SAMPLE 468,13
SAMPLE 469,13
SAMPLE 470,11
SAMPLE 471,9
SAMPLE 472,13
SAMPLE 473,13
SAMPLE 474,13
SAMPLE 475,13
SAMPLE 476,13
SAMPLE 477,13
SAMPLE 478,13
SAMPLE 479,13
SAMPLE 480,13
SAMPLE 481,13
SAMPLE 482,13
SAMPLE 483,13
SAMPLE 484,1
SAMPLE 485,13
SAMPLE 486,13
SAMPLE 487,13
SAMPLE 488,1
SAMPLE 489,1
SAMPLE 490,13
SAMPLE 491,13
SAMPLE 492,13
SAMPLE 493,13
SAMPLE 494,13
SAMPLE 495,13
SAMPLE 496,13
SAMPLE 497,13
SAMPLE 498,13
SAMPLE 499,13
SAMPLE 500,13
SAMPLE 501,1
SAMPLE 502,13
SAMPLE 503,13
SAMPLE 504,13
SAMPLE 505,13
SAMPLE 506,13
SAMPLE 507,13
SAMPLE 508,13
SAMPLE 509,13
SAMPLE 510,13
SAMPLE 511,13
SAMPLE 512,13
SAMPLE 513,13
SAMPLE 514,13
SAMPLE 515,13
SAMPLE 516,13
SAMPLE 517,13
SAMPLE 518,13
SAMPLE 519,13
SAMPLE 520,13
SAMPLE 521,13
SAMPLE 522,13
SAMPLE 523,13
SAMPLE 524,13
SAMPLE 525,13
SAMPLE 526,13
SAMPLE 527,13
SAMPLE 528,1
SAMPLE 529,13
SAMPLE 530,1
SAMPLE 531,13
SAMPLE 532,13
SAMPLE 533,13
SAMPLE 534,13
SAMPLE 535,13
SAMPLE 536,1
SAMPLE 537,13
SAMPLE 538,13
SAMPLE 539,13
SAMPLE 540,13
SAMPLE 541,13
SAMPLE 542,13
SAMPLE 543,13
SAMPLE 544,13
SAMPLE 545,13
SAMPLE 546,13
SAMPLE 547,13
SAMPLE 548,13
SAMPLE 549,13
SAMPLE 550,13
SAMPLE 551,13
SAMPLE 552,13
SAMPLE 553,13
SAMPLE 554,13
SAMPLE 555,13
SAMPLE 556,13
SAMPLE 557,13
SAMPLE 558,13
SAMPLE 559,13
SAMPLE 560,13
SAMPLE 561,13
SAMPLE 562,1
SAMPLE 563,13
SAMPLE 564,13
SAMPLE 565,13
SAMPLE 566,13
SAMPLE 567,13
SAMPLE 568,4
SAMPLE 569,4
SAMPLE 570,4
SAMPLE 571,9
SAMPLE 572,7
SAMPLE 573,13
SAMPLE 574,13
SAMPLE 575,13
SAMPLE 576,13
SAMPLE 577,13
SAMPLE 578,13
SAMPLE 579,13
SAMPLE 580,13
SAMPLE 581,1
SAMPLE 582,13
SAMPLE 583,13
SAMPLE 584,13
SAMPLE 585,13
SAMPLE 586,13
SAMPLE 587,1
SAMPLE 588,13
SAMPLE 589,4
SAMPLE 590,4
SAMPLE 591,4
SAMPLE 592,4
SAMPLE 593,4
SAMPLE 594,4
SAMPLE 595,4
SAMPLE 596,4
SAMPLE 597,4
SAMPLE 598,4
SAMPLE 599,4
SAMPLE 600,4
SAMPLE 601,4
SAMPLE 602,4
SAMPLE 603,4
SAMPLE 604,4
SAMPLE 605,4
SAMPLE 606,4
SAMPLE 607,4
SAMPLE 608,4
SAMPLE 609,5
SAMPLE 610,2
SAMPLE 611,13
SAMPLE 612,13
SAMPLE 613,1
SAMPLE 614,9
SAMPLE 615,13
SAMPLE 616,13
SAMPLE 617,13
SAMPLE 618,3
SAMPLE 619,3
SAMPLE 620,3
SAMPLE 621,3
SAMPLE 622,3
SAMPLE 623,3
SAMPLE 624,3
SAMPLE 625,3
SAMPLE 626,3
SAMPLE 627,3
SAMPLE 628,3
SAMPLE 629,3
SAMPLE 630,3
SAMPLE 631,3
SAMPLE 632,3
SAMPLE 633,3
SAMPLE 634,3
SAMPLE 635,3
SAMPLE 636,14
SAMPLE 637,14
SAMPLE 638,4
SAMPLE 639,4
SAMPLE 640,4
SAMPLE 641,4
SAMPLE 642,13
SAMPLE 643,2
SAMPLE 644,11
SAMPLE 645,9
SAMPLE 646,10
SAMPLE 647,11
SAMPLE 648,10
SAMPLE 649,4
SAMPLE 650,4
SAMPLE 651,4
SAMPLE 652,4
SAMPLE 653,4
SAMPLE 654,12
SAMPLE 655,4
SAMPLE 656,4
SAMPLE 657,4
SAMPLE 658,4
SAMPLE 659,4
SAMPLE 660,4
SAMPLE 661,4
SAMPLE 662,10
SAMPLE 663,8
SAMPLE 664,9
SAMPLE 665,10
SAMPLE 666,4
SAMPLE 667,9
SAMPLE 668,9
SAMPLE 669,9
SAMPLE 670,1
SAMPLE 671,13
SAMPLE 672,10
SAMPLE 673,10
SAMPLE 674,10
SAMPLE 675,9
SAMPLE 676,14
SAMPLE 677,4
SAMPLE 678,4
SAMPLE 679,4
SAMPLE 680,4
SAMPLE 681,4
SAMPLE 682,4
SAMPLE 683,6
SAMPLE 684,6
SAMPLE 685,6
SAMPLE 686,6
SAMPLE 687,6
SAMPLE 688,6
SAMPLE 689,6
SAMPLE 690,6
SAMPLE 691,6
SAMPLE 692,6
SAMPLE 693,6
SAMPLE 694,6
SAMPLE 695,6
SAMPLE 696,6
SAMPLE 697,6
SAMPLE 698,6
SAMPLE 699,6
SAMPLE 700,6
SAMPLE 701,6
SAMPLE 702,6
SAMPLE 703,6
SAMPLE 704,6
SAMPLE 705,6
SAMPLE 706,6
SAMPLE 707,6
SAMPLE 708,6
SAMPLE 709,6
SAMPLE 710,6
SAMPLE 711,6
SAMPLE 712,6
SAMPLE 713,6
SAMPLE 714,6
SAMPLE 715,4
SAMPLE 716,8
SAMPLE 717,12
SAMPLE 718,12
SAMPLE 719,12
SAMPLE 720,4
SAMPLE 721,12
SAMPLE 722,4
SAMPLE 723,4
SAMPLE 724,4
SAMPLE 725,4
SAMPLE 726,4
SAMPLE 727,4
SAMPLE 728,4
SAMPLE 729,4
SAMPLE 730,4
SAMPLE 731,13
SAMPLE 732,4
SAMPLE 733,12
SAMPLE 734,12
SAMPLE 735,12
SAMPLE 736,12
SAMPLE 737,12
SAMPLE 738,12
SAMPLE 739,6
SAMPLE 740,6
SAMPLE 741,6
SAMPLE 742,6
SAMPLE 743,6
SAMPLE 744,3
SAMPLE 745,3
SAMPLE 746,11
SAMPLE 747,11
SAMPLE 748,11
SAMPLE 749,13
SAMPLE 750,13
SAMPLE 751,3
SAMPLE 752,11
SAMPLE 753,6
SAMPLE 754,12
SAMPLE 755,12
SAMPLE 756,12
SAMPLE 757,4
SAMPLE 758,4
SAMPLE 759,4
SAMPLE 760,4
SAMPLE 761,4
SAMPLE 762,4
SAMPLE 763,12
SAMPLE 764,12
SAMPLE 765,13
SAMPLE 766,2
SAMPLE 767,9
SAMPLE 768,10
SAMPLE 769,13
SAMPLE 770,13
SAMPLE 771,4
SAMPLE 772,4
SAMPLE 773,4
SAMPLE 774,4
SAMPLE 775,4
SAMPLE 776,4
SAMPLE 777,4
SAMPLE 778,4
SAMPLE 779,4
SAMPLE 780,4
SAMPLE 781,4
SAMPLE 782,4
SAMPLE 783,4
SAMPLE 784,4
SAMPLE 785,4
SAMPLE 786,4
SAMPLE 787,4
SAMPLE 788,4
SAMPLE 789,4
SAMPLE 790,4
SAMPLE 791,2
SAMPLE 792,2
SAMPLE 793,5
SAMPLE 794,2
SAMPLE 795,3
SAMPLE 796,3
SAMPLE 797,3
SAMPLE 798,4
SAMPLE 799,4
SAMPLE 800,4
SAMPLE 801,4
SAMPLE 802,4
SAMPLE 803,4
SAMPLE 804,4
SAMPLE 805,4
SAMPLE 806,4
SAMPLE 807,2
SAMPLE 808,9
SAMPLE 809,9
SAMPLE 810,9
SAMPLE 811,9
SAMPLE 812,9
SAMPLE 813,9
SAMPLE 814,9
SAMPLE 815,3
SAMPLE 816,3
SAMPLE 817,3
SAMPLE 818,3
SAMPLE 819,3
SAMPLE 820,3
SAMPLE 821,3
SAMPLE 822,3
SAMPLE 823,3
SAMPLE 824,3
SAMPLE 825,3
SAMPLE 826,3
SAMPLE 827,3
SAMPLE 828,4
SAMPLE 829,3
SAMPLE 830,3
SAMPLE 831,3
SAMPLE 832,3
SAMPLE 833,6
SAMPLE 834,6
SAMPLE 835,3
SAMPLE 836,3
SAMPLE 837,3
SAMPLE 838,3
SAMPLE 839,1
SAMPLE 840,3
SAMPLE 841,0
SAMPLE 842,9
SAMPLE 843,3
SAMPLE 844,3
SAMPLE 845,1
SAMPLE 846,9
SAMPLE 847,1
SAMPLE 848,6
SAMPLE 849,11
SAMPLE 850,4
SAMPLE 851,6
SAMPLE 852,2
SAMPLE 853,2
SAMPLE 854,2
SAMPLE 855,4
SAMPLE 856,4
SAMPLE 857,5
SAMPLE 858,5
SAMPLE 859,6
SAMPLE 860,6
SAMPLE 861,6
SAMPLE 862,6
SAMPLE 863,6
SAMPLE 864,4
SAMPLE 865,9
SAMPLE 866,2
SAMPLE 867,10
SAMPLE 868,6
SAMPLE 869,4
SAMPLE 870,5
SAMPLE 871,3
SAMPLE 872,12
SAMPLE 873,12
SAMPLE 874,4
SAMPLE 875,12
SAMPLE 876,3
SAMPLE 877,12
SAMPLE 878,5
SAMPLE 879,4
SAMPLE 880,4
SAMPLE 881,12
SAMPLE 882,8
SAMPLE 883,12
SAMPLE 884,4
SAMPLE 885,3
SAMPLE 886,4
SAMPLE 887,7
SAMPLE 888,12
SAMPLE 889,5
SAMPLE 890,4
SAMPLE 891,5
SAMPLE 892,6
SAMPLE 893,5
SAMPLE 894,4
SAMPLE 895,7
SAMPLE 896,14
SAMPLE 897,8
SAMPLE 898,11
SAMPLE 899,11
SAMPLE 900,4
SAMPLE 901,11
SAMPLE 902,4
SAMPLE 903,4
SAMPLE 904,4
SAMPLE 905,4
SAMPLE 906,12
SAMPLE 907,4
SAMPLE 908,14
SAMPLE 909,14
SAMPLE 910,14
SAMPLE 911,10
SAMPLE 912,10
SAMPLE 913,6
SAMPLE 914,6
SAMPLE 915,4
SAMPLE 916,4
SAMPLE 917,4
SAMPLE 918,4
SAMPLE 919,4
SAMPLE 920,4
SAMPLE 921,4
SAMPLE 922,4
SAMPLE 923,4
SAMPLE 924,4
SAMPLE 925,2
SAMPLE 926,6
SAMPLE 927,11
SAMPLE 928,11
SAMPLE 929,11
SAMPLE 930,11
SAMPLE 931,6
SAMPLE 932,6
SAMPLE 933,6
SAMPLE 934,6
SAMPLE 935,6
SAMPLE 936,6
SAMPLE 937,6
SAMPLE 938,11
SAMPLE 939,11
SAMPLE 940,11
SAMPLE 941,11
SAMPLE 942,11
SAMPLE 943,11
SAMPLE 944,11
SAMPLE 945,11
SAMPLE 946,11
SAMPLE 947,11
SAMPLE 948,11
SAMPLE 949,11
SAMPLE 950,11
SAMPLE 951,11
SAMPLE 952,11
SAMPLE 953,11
SAMPLE 954,11
SAMPLE 955,11
SAMPLE 956,11
SAMPLE 957,11
SAMPLE 958,11
SAMPLE 959,11
SAMPLE 960,11
SAMPLE 961,4
SAMPLE 962,4
SAMPLE 963,11
SAMPLE 964,11
SAMPLE 965,11
SAMPLE 966,11
SAMPLE 967,11
SAMPLE 968,11
SAMPLE 969,11
SAMPLE 970,11
SAMPLE 971,6
SAMPLE 972,11
SAMPLE 973,14
SAMPLE 974,8
SAMPLE 975,4
SAMPLE 976,13
SAMPLE 977,13
SAMPLE 978,13
SAMPLE 979,13
SAMPLE 980,11
SAMPLE 981,6
SAMPLE 982,6
SAMPLE 983,13
SAMPLE 984,13
SAMPLE 985,13
SAMPLE 986,5
SAMPLE 987,5
SAMPLE 988,12
SAMPLE 989,4
SAMPLE 990,11
SAMPLE 991,1
SAMPLE 992,13
SAMPLE 993,6
SAMPLE 994,4
SAMPLE 995,6
SAMPLE 996,6
SAMPLE 997,4
SAMPLE 998,4
SAMPLE 999,4
SAMPLE 1000,11
SAMPLE 1001,11
SAMPLE 1002,11
SAMPLE 1003,11
SAMPLE 1004,11
SAMPLE 1005,4
SAMPLE 1006,11
SAMPLE 1007,11
SAMPLE 1008,4
SAMPLE 1009,11
SAMPLE 1010,11
SAMPLE 1011,11
SAMPLE 1012,11
SAMPLE 1013,11
SAMPLE 1014,11
SAMPLE 1015,11
SAMPLE 1016,11
SAMPLE 1017,11
SAMPLE 1018,11
SAMPLE 1019,11
SAMPLE 1020,11
SAMPLE 1021,11
SAMPLE 1022,11
SAMPLE 1023,11
SAMPLE 1024,11
SAMPLE 1025,11
SAMPLE 1026,11
SAMPLE 1027,11
SAMPLE 1028,11
SAMPLE 1029,11
SAMPLE 1030,11
SAMPLE 1031,11
SAMPLE 1032,11
SAMPLE 1033,11
SAMPLE 1034,11
SAMPLE 1035,11
SAMPLE 1036,11
SAMPLE 1037,11
SAMPLE 1038,1
SAMPLE 1039,13
SAMPLE 1040,2
SAMPLE 1041,10
SAMPLE 1042,10
SAMPLE 1043,11
SAMPLE 1044,4
SAMPLE 1045,4
SAMPLE 1046,6
SAMPLE 1047,6
SAMPLE 1048,4
SAMPLE 1049,4
SAMPLE 1050,6
SAMPLE 1051,4
SAMPLE 1052,4
SAMPLE 1053,4
SAMPLE 1054,4
SAMPLE 1055,4
SAMPLE 1056,4
SAMPLE 1057,4
SAMPLE 1058,4
SAMPLE 1059,4
SAMPLE 1060,4
SAMPLE 1061,4
SAMPLE 1062,4
SAMPLE 1063,6
SAMPLE 1064,1
SAMPLE 1065,1
SAMPLE 1066,1
SAMPLE 1067,6
SAMPLE 1068,6
SAMPLE 1069,6
SAMPLE 1070,11
SAMPLE 1071,6
SAMPLE 1072,6
SAMPLE 1073,6
SAMPLE 1074,6
SAMPLE 1075,6
SAMPLE 1076,6
SAMPLE 1077,6
SAMPLE 1078,6
SAMPLE 1079,6
SAMPLE 1080,6
SAMPLE 1081,6
SAMPLE 1082,4
SAMPLE 1083,4
SAMPLE 1084,4
SAMPLE 1085,4
SAMPLE 1086,4
SAMPLE 1087,11
SAMPLE 1088,9
SAMPLE 1089,9
SAMPLE 1090,6
SAMPLE 1091,6
SAMPLE 1092,4
SAMPLE 1093,4
SAMPLE 1094,4
SAMPLE 1095,4
SAMPLE 1096,4
SAMPLE 1097,6
SAMPLE 1098,6
SAMPLE 1099,12
SAMPLE 1100,4
SAMPLE 1101,4
SAMPLE 1102,4
SAMPLE 1103,4
SAMPLE 1104,4
SAMPLE 1105,4
SAMPLE 1106,4
SAMPLE 1107,4
SAMPLE 1108,4
SAMPLE 1109,4
SAMPLE 1110,4
SAMPLE 1111,13
SAMPLE 1112,6
SAMPLE 1113,4
SAMPLE 1114,4
SAMPLE 1115,4
SAMPLE 1116,13
SAMPLE 1117,4
SAMPLE 1118,11
SAMPLE 1119,11
SAMPLE 1120,4
SAMPLE 1121,11
SAMPLE 1122,11
SAMPLE 1123,11
SAMPLE 1124,4
SAMPLE 1125,11
SAMPLE 1126,4
SAMPLE 1127,4
SAMPLE 1128,11
SAMPLE 1129,4
SAMPLE 1130,11
SAMPLE 1131,11
SAMPLE 1132,11
SAMPLE 1133,11
SAMPLE 1134,11
SAMPLE 1135,11
SAMPLE 1136,4
SAMPLE 1137,4
SAMPLE 1138,4
SAMPLE 1139,4
SAMPLE 1140,4
SAMPLE 1141,4
SAMPLE 1142,4
SAMPLE 1143,4
SAMPLE 1144,4
SAMPLE 1145,4
SAMPLE 1146,4
SAMPLE 1147,4
SAMPLE 1148,6
SAMPLE 1149,1
SAMPLE 1150,4
SAMPLE 1151,4
SAMPLE 1152,4
SAMPLE 1153,4
SAMPLE 1154,4
SAMPLE 1155,4
SAMPLE 1156,6
SAMPLE 1157,4
SAMPLE 1158,6
SAMPLE 1159,5
SAMPLE 1160,5
SAMPLE 1161,5
SAMPLE 1162,6
SAMPLE 1163,6
SAMPLE 1164,14
SAMPLE 1165,6
SAMPLE 1166,6
SAMPLE 1167,11
SAMPLE 1168,13
SAMPLE 1169,13
SAMPLE 1170,14
SAMPLE 1171,11
SAMPLE 1172,7
SAMPLE 1173,11
SAMPLE 1174,4
SAMPLE 1175,4
SAMPLE 1176,4
SAMPLE 1177,6
SAMPLE 1178,6
SAMPLE 1179,6
SAMPLE 1180,4
SAMPLE 1181,4
SAMPLE 1182,11
SAMPLE 1183,4
SAMPLE 1184,4
SAMPLE 1185,4
SAMPLE 1186,4
SAMPLE 1187,4
SAMPLE 1188,14
SAMPLE 1189,3
SAMPLE 1190,4
SAMPLE 1191,4
SAMPLE 1192,13
SAMPLE 1193,2
SAMPLE 1194,4
SAMPLE 1195,4
SAMPLE 1196,11
SAMPLE 1197,4
SAMPLE 1198,11
SAMPLE 1199,11
SAMPLE 1200,11
SAMPLE 1201,4
SAMPLE 1202,11
SAMPLE 1203,7
SAMPLE 1204,4
SAMPLE 1205,6
SAMPLE 1206,12
SAMPLE 1207,10
SAMPLE 1208,4
SAMPLE 1209,12
SAMPLE 1210,11
SAMPLE 1211,1
SAMPLE 1212,1
SAMPLE 1213,1
SAMPLE 1214,14
SAMPLE 1215,11
SAMPLE 1216,9
SAMPLE 1217,9
SAMPLE 1218,9
SAMPLE 1219,11
SAMPLE 1220,4
SAMPLE 1221,2
SAMPLE 1222,6
SAMPLE 1223,6
SAMPLE 1224,6
SAMPLE 1225,6
SAMPLE 1226,6
SAMPLE 1227,6
SAMPLE 1228,6
SAMPLE 1229,6
SAMPLE 1230,6
SAMPLE 1231,6
SAMPLE 1232,6
SAMPLE 1233,6
SAMPLE 1234,6
SAMPLE 1235,6
SAMPLE 1236,6
SAMPLE 1237,6
SAMPLE 1238,6
SAMPLE 1239,6
SAMPLE 1240,11
SAMPLE 1241,13
SAMPLE 1242,13
SAMPLE 1243,1
SAMPLE 1244,2
SAMPLE 1245,2
SAMPLE 1246,2
SAMPLE 1247,2
SAMPLE 1248,4
SAMPLE 1249,4
SAMPLE 1250,4
SAMPLE 1251,14
SAMPLE 1252,12
SAMPLE 1253,12
SAMPLE 1254,12
SAMPLE 1255,12
SAMPLE 1256,4
SAMPLE 1257,4
SAMPLE 1258,4
SAMPLE 1259,9
SAMPLE 1260,5
SAMPLE 1261,5
SAMPLE 1262,9
SAMPLE 1263,11
SAMPLE 1264,12
SAMPLE 1265,6
SAMPLE 1266,2
SAMPLE 1267,5
SAMPLE 1268,1
SAMPLE 1269,4
SAMPLE 1270,2
SAMPLE 1271,2
SAMPLE 1272,2
SAMPLE 1273,2
SAMPLE 1274,2
SAMPLE 1275,2
SAMPLE 1276,10
SAMPLE 1277,10
SAMPLE 1278,7
SAMPLE 1279,7
SAMPLE 1280,6
SAMPLE 1281,12
SAMPLE 1282,4
SAMPLE 1283,4
SAMPLE 1284,7
SAMPLE 1285,5
SAMPLE 1286,5
SAMPLE 1287,12
SAMPLE 1288,4
SAMPLE 1289,5
SAMPLE 1290,5
SAMPLE 1291,4
SAMPLE 1292,4
SAMPLE 1293,4
SAMPLE 1294,4
SAMPLE 1295,2
SAMPLE 1296,2
SAMPLE 1297,2
SAMPLE 1298,2
SAMPLE 1299,2
SAMPLE 1300,2
SAMPLE 1301,2
SAMPLE 1302,2
SAMPLE 1303,2
SAMPLE 1304,2
SAMPLE 1305,2
SAMPLE 1306,2
SAMPLE 1307,2
SAMPLE 1308,2
SAMPLE 1309,2
SAMPLE 1310,2
SAMPLE 1311,2
SAMPLE 1312,2
SAMPLE 1313,2
SAMPLE 1314,2
SAMPLE 1315,2
SAMPLE 1316,6
SAMPLE 1317,6
SAMPLE 1318,6
SAMPLE 1319,6
SAMPLE 1320,6
SAMPLE 1321,6
SAMPLE 1322,6
SAMPLE 1323,6
SAMPLE 1324,6
SAMPLE 1325,11
SAMPLE 1326,11
SAMPLE 1327,4
SAMPLE 1328,11
SAMPLE 1329,4
SAMPLE 1330,4
SAMPLE 1331,4
SAMPLE 1332,4
SAMPLE 1333,4
SAMPLE 1334,4
SAMPLE 1335,4
SAMPLE 1336,1
SAMPLE 1337,4
SAMPLE 1338,5
SAMPLE 1339,2
SAMPLE 1340,6
SAMPLE 1341,6
SAMPLE 1342,6
SAMPLE 1343,4
SAMPLE 1344,4
SAMPLE 1345,6
SAMPLE 1346,6
SAMPLE 1347,3
SAMPLE 1348,5
SAMPLE 1349,4
SAMPLE 1350,6
SAMPLE 1351,2
SAMPLE 1352,14
SAMPLE 1353,12
SAMPLE 1354,11
SAMPLE 1355,3
SAMPLE 1356,12
SAMPLE 1357,12
SAMPLE 1358,12
SAMPLE 1359,8
SAMPLE 1360,12
SAMPLE 1361,12
SAMPLE 1362,12
SAMPLE 1363,12
SAMPLE 1364,12
SAMPLE 1365,12
SAMPLE 1366,12
SAMPLE 1367,12
SAMPLE 1368,12
SAMPLE 1369,12
SAMPLE 1370,12
SAMPLE 1371,12
SAMPLE 1372,12
SAMPLE 1373,12
SAMPLE 1374,8
SAMPLE 1375,8
SAMPLE 1376,12
SAMPLE 1377,12
SAMPLE 1378,12
SAMPLE 1379,12
SAMPLE 1380,12
SAMPLE 1381,12
SAMPLE 1382,12
SAMPLE 1383,12
SAMPLE 1384,12
SAMPLE 1385,12
SAMPLE 1386,4
SAMPLE 1387,2
SAMPLE 1388,5
SAMPLE 1389,2
SAMPLE 1390,4
SAMPLE 1391,4
SAMPLE 1392,4
SAMPLE 1393,4
SAMPLE 1394,6
SAMPLE 1395,4
SAMPLE 1396,4
SAMPLE 1397,2
SAMPLE 1398,5
SAMPLE 1399,4
SAMPLE 1400,4
SAMPLE 1401,2
SAMPLE 1402,11
SAMPLE 1403,5
SAMPLE 1404,2
SAMPLE 1405,4
SAMPLE 1406,4
SAMPLE 1407,4
SAMPLE 1408,4
SAMPLE 1409,5
SAMPLE 1410,4
SAMPLE 1411,4
SAMPLE 1412,10
SAMPLE 1413,13
SAMPLE 1414,13
SAMPLE 1415,13
SAMPLE 1416,1
SAMPLE 1417,13
SAMPLE 1418,13
SAMPLE 1419,4
SAMPLE 1420,4
SAMPLE 1421,4
SAMPLE 1422,4
SAMPLE 1423,4
SAMPLE 1424,4
SAMPLE 1425,5
SAMPLE 1426,5
SAMPLE 1427,5
SAMPLE 1428,5
SAMPLE 1429,5
SAMPLE 1430,11
SAMPLE 1431,4
SAMPLE 1432,4
SAMPLE 1433,12
SAMPLE 1434,3
SAMPLE 1435,4
SAMPLE 1436,4
SAMPLE 1437,4
SAMPLE 1438,4
SAMPLE 1439,4
SAMPLE 1440,1
SAMPLE 1441,4
SAMPLE 1442,5
SAMPLE 1443,5
SAMPLE 1444,6
SAMPLE 1445,4
SAMPLE 1446,4
SAMPLE 1447,13
SAMPLE 1448,13
SAMPLE 1449,4
SAMPLE 1450,4
SAMPLE 1451,4
SAMPLE 1452,4
SAMPLE 1453,4
SAMPLE 1454,4
SAMPLE 1455,11
SAMPLE 1456,11
SAMPLE 1457,11
SAMPLE 1458,11
SAMPLE 1459,11
SAMPLE 1460,11
SAMPLE 1461,11
SAMPLE 1462,4
SAMPLE 1463,11
SAMPLE 1464,4
SAMPLE 1465,4
SAMPLE 1466,4
SAMPLE 1467,4
SAMPLE 1468,4
SAMPLE 1469,4
SAMPLE 1470,4
SAMPLE 1471,4
SAMPLE 1472,4
SAMPLE 1473,4
SAMPLE 1474,4
SAMPLE 1475,4
SAMPLE 1476,4
SAMPLE 1477,4
SAMPLE 1478,4
SAMPLE 1479,4
SAMPLE 1480,4
SAMPLE 1481,4
SAMPLE 1482,4
SAMPLE 1483,4
SAMPLE 1484,4
SAMPLE 1485,4
SAMPLE 1486,4
SAMPLE 1487,4
SAMPLE 1488,4
SAMPLE 1489,12
SAMPLE 1490,8
SAMPLE 1491,3
SAMPLE 1492,5
SAMPLE 1493,5
SAMPLE 1494,5
SAMPLE 1495,5
SAMPLE 1496,5
SAMPLE 1497,5
SAMPLE 1498,5
SAMPLE 1499,5
SAMPLE 1500,5
SAMPLE 1501,5
SAMPLE 1502,5
SAMPLE 1503,5
SAMPLE 1504,5
SAMPLE 1505,5
SAMPLE 1506,5
SAMPLE 1507,5
SAMPLE 1508,5
SAMPLE 1509,5
SAMPLE 1510,5
SAMPLE 1511,5
SAMPLE 1512,5
SAMPLE 1513,7
SAMPLE 1514,4
SAMPLE 1515,3
SAMPLE 1516,5
SAMPLE 1517,5
SAMPLE 1518,5
SAMPLE 1519,5
SAMPLE 1520,5
SAMPLE 1521,5
SAMPLE 1522,5
SAMPLE 1523,13
SAMPLE 1524,4
SAMPLE 1525,13
SAMPLE 1526,2
SAMPLE 1527,4
SAMPLE 1528,4
SAMPLE 1529,4
SAMPLE 1530,4
SAMPLE 1531,4
SAMPLE 1532,4
SAMPLE 1533,4
SAMPLE 1534,11
SAMPLE 1535,4
SAMPLE 1536,11
SAMPLE 1537,11
SAMPLE 1538,4
SAMPLE 1539,4
SAMPLE 1540,4
SAMPLE 1541,11
SAMPLE 1542,4
SAMPLE 1543,11
SAMPLE 1544,11
SAMPLE 1545,11
SAMPLE 1546,11
SAMPLE 1547,11
SAMPLE 1548,11
SAMPLE 1549,4
SAMPLE 1550,11
SAMPLE 1551,11
SAMPLE 1552,4
SAMPLE 1553,5
SAMPLE 1554,5
SAMPLE 1555,5
SAMPLE 1556,5
SAMPLE 1557,5
SAMPLE 1558,5
SAMPLE 1559,5
SAMPLE 1560,5
SAMPLE 1561,5
SAMPLE 1562,5
SAMPLE 1563,5
SAMPLE 1564,5
SAMPLE 1565,5
SAMPLE 1566,5
SAMPLE 1567,5
SAMPLE 1568,5
SAMPLE 1569,5
SAMPLE 1570,5
SAMPLE 1571,5
SAMPLE 1572,5
SAMPLE 1573,5
SAMPLE 1574,5
SAMPLE 1575,5
SAMPLE 1576,5
SAMPLE 1577,6
SAMPLE 1578,11
SAMPLE 1579,12
SAMPLE 1580,2
SAMPLE 1581,2
SAMPLE 1582,12
SAMPLE 1583,2
SAMPLE 1584,4
SAMPLE 1585,4
SAMPLE 1586,4
SAMPLE 1587,6
SAMPLE 1588,4
SAMPLE 1589,4
SAMPLE 1590,4
SAMPLE 1591,4
SAMPLE 1592,4
SAMPLE 1593,4
SAMPLE 1594,4
SAMPLE 1595,11
SAMPLE 1596,4
SAMPLE 1597,4
SAMPLE 1598,6
SAMPLE 1599,5
SAMPLE 1600,5
SAMPLE 1601,5
SAMPLE 1602,5
SAMPLE 1603,5
SAMPLE 1604,14
SAMPLE 1605,5
SAMPLE 1606,5
SAMPLE 1607,5
SAMPLE 1608,11
SAMPLE 1609,11
SAMPLE 1610,4
SAMPLE 1611,11
SAMPLE 1612,6
SAMPLE 1613,6
SAMPLE 1614,6
SAMPLE 1615,6
SAMPLE 1616,6
SAMPLE 1617,6
SAMPLE 1618,6
SAMPLE 1619,4
SAMPLE 1620,4
SAMPLE 1621,4
SAMPLE 1622,4
SAMPLE 1623,4
SAMPLE 1624,4
SAMPLE 1625,5
SAMPLE 1626,12
SAMPLE 1627,7
SAMPLE 1628,14
SAMPLE 1629,4
SAMPLE 1630,2
SAMPLE 1631,6
SAMPLE 1632,4
SAMPLE 1633,11
SAMPLE 1634,11
SAMPLE 1635,7
SAMPLE 1636,7
SAMPLE 1637,11
SAMPLE 1638,7
SAMPLE 1639,11
SAMPLE 1640,11
SAMPLE 1641,14
SAMPLE 1642,14
SAMPLE 1643,14
SAMPLE 1644,14
SAMPLE 1645,4
SAMPLE 1646,7
SAMPLE 1647,7
SAMPLE 1648,14
SAMPLE 1649,14
SAMPLE 1650,4
SAMPLE 1651,4
SAMPLE 1652,4
SAMPLE 1653,14
SAMPLE 1654,14
SAMPLE 1655,14
SAMPLE 1656,14
SAMPLE 1657,5
SAMPLE 1658,5
SAMPLE 1659,11
SAMPLE 1660,6
SAMPLE 1661,4
SAMPLE 1662,4
SAMPLE 1663,4
SAMPLE 1664,12
SAMPLE 1665,7
SAMPLE 1666,2
SAMPLE 1667,1
SAMPLE 1668,4
SAMPLE 1669,6
SAMPLE 1670,4
SAMPLE 1671,11
SAMPLE 1672,4
SAMPLE 1673,13
SAMPLE 1674,3
SAMPLE 1675,3
SAMPLE 1676,14
SAMPLE 1677,5
SAMPLE 1678,4
SAMPLE 1679,6
SAMPLE 1680,4
SAMPLE 1681,14
SAMPLE 1682,12
SAMPLE 1683,4
SAMPLE 1684,6
SAMPLE 1685,6
SAMPLE 1686,3
SAMPLE 1687,4
SAMPLE 1688,2
SAMPLE 1689,2
SAMPLE 1690,4
SAMPLE 1691,2
SAMPLE 1692,4
SAMPLE 1693,3
SAMPLE 1694,5
SAMPLE 1695,6
SAMPLE 1696,4
SAMPLE 1697,4
SAMPLE 1698,5
SAMPLE 1699,4
SAMPLE 1700,5
SAMPLE 1701,1
SAMPLE 1702,5
SAMPLE 1703,4
SAMPLE 1704,4
SAMPLE 1705,4
SAMPLE 1706,4
SAMPLE 1707,4
SAMPLE 1708,5
SAMPLE 1709,12
SAMPLE 1710,4
SAMPLE 1711,4
SAMPLE 1712,1
SAMPLE 1713,6
SAMPLE 1714,4
SAMPLE 1715,4
SAMPLE 1716,3
SAMPLE 1717,3
SAMPLE 1718,3
SAMPLE 1719,4
SAMPLE 1720,3
SAMPLE 1721,3
SAMPLE 1722,4
SAMPLE 1723,4
SAMPLE 1724,3
SAMPLE 1725,4
SAMPLE 1726,3
SAMPLE 1727,3
SAMPLE 1728,4
SAMPLE 1729,3
SAMPLE 1730,4
SAMPLE 1731,11
SAMPLE 1732,10
SAMPLE 1733,12
SAMPLE 1734,4
SAMPLE 1735,13
SAMPLE 1736,5
SAMPLE 1737,2
SAMPLE 1738,4
SAMPLE 1739,3
SAMPLE 1740,3
SAMPLE 1741,4
SAMPLE 1742,4
SAMPLE 1743,4
SAMPLE 1744,3
SAMPLE 1745,3
SAMPLE 1746,4
SAMPLE 1747,3
SAMPLE 1748,4
SAMPLE 1749,3
SAMPLE 1750,3
SAMPLE 1751,3
SAMPLE 1752,6
SAMPLE 1753,6
SAMPLE 1754,14
SAMPLE 1755,4
SAMPLE 1756,4
SAMPLE 1757,6
SAMPLE 1758,6
SAMPLE 1759,4
SAMPLE 1760,11
SAMPLE 1761,7
SAMPLE 1762,14
SAMPLE 1763,4
SAMPLE 1764,7
SAMPLE 1765,14
SAMPLE 1766,4
SAMPLE 1767,6
SAMPLE 1768,6
SAMPLE 1769,6
SAMPLE 1770,6
SAMPLE 1771,6
SAMPLE 1772,6
SAMPLE 1773,6
SAMPLE 1774,11
SAMPLE 1775,3
SAMPLE 1776,6
SAMPLE 1777,4
SAMPLE 1778,3
SAMPLE 1779,3
SAMPLE 1780,3
SAMPLE 1781,3
SAMPLE 1782,3
SAMPLE 1783,3
SAMPLE 1784,3
SAMPLE 1785,4
SAMPLE 1786,4
SAMPLE 1787,3
SAMPLE 1788,3
SAMPLE 1789,3
SAMPLE 1790,4
SAMPLE 1791,4
SAMPLE 1792,3
SAMPLE 1793,4
SAMPLE 1794,3
SAMPLE 1795,7
SAMPLE 1796,5
SAMPLE 1797,12
SAMPLE 1798,6
SAMPLE 1799,7
SAMPLE 1800,14
SAMPLE 1801,14
SAMPLE 1802,14
SAMPLE 1803,14
SAMPLE 1804,14
SAMPLE 1805,14
SAMPLE 1806,14
SAMPLE 1807,14
SAMPLE 1808,7
SAMPLE 1809,7
SAMPLE 1810,14
SAMPLE 1811,14
SAMPLE 1812,14
SAMPLE 1813,11
SAMPLE 1814,7
SAMPLE 1815,14
SAMPLE 1816,2
SAMPLE 1817,11
SAMPLE 1818,7
SAMPLE 1819,14
SAMPLE 1820,14
SAMPLE 1821,7
SAMPLE 1822,14
SAMPLE 1823,14
SAMPLE 1824,14
SAMPLE 1825,14
SAMPLE 1826,14
SAMPLE 1827,12
SAMPLE 1828,12
SAMPLE 1829,5
SAMPLE 1830,12
SAMPLE 1831,12
SAMPLE 1832,3
SAMPLE 1833,3
SAMPLE 1834,3
SAMPLE 1835,12
SAMPLE 1836,2
SAMPLE 1837,4
SAMPLE 1838,5
SAMPLE 1839,4
SAMPLE 1840,2
SAMPLE 1841,6
SAMPLE 1842,10
SAMPLE 1843,10
SAMPLE 1844,14
SAMPLE 1845,12
SAMPLE 1846,13
SAMPLE 1847,12
SAMPLE 1848,3
SAMPLE 1849,3
SAMPLE 1850,14
SAMPLE 1851,4
SAMPLE 1852,4
SAMPLE 1853,4
SAMPLE 1854,4
SAMPLE 1855,14
SAMPLE 1856,4
SAMPLE 1857,4
SAMPLE 1858,4
SAMPLE 1859,5
SAMPLE 1860,4
SAMPLE 1861,3
SAMPLE 1862,3
SAMPLE 1863,3
SAMPLE 1864,10
SAMPLE 1865,13
SAMPLE 1866,5
SAMPLE 1867,2
SAMPLE 1868,4
SAMPLE 1869,5
SAMPLE 1870,5
SAMPLE 1871,1
SAMPLE 1872,5
SAMPLE 1873,5
SAMPLE 1874,5
SAMPLE 1875,5
SAMPLE 1876,5
SAMPLE 1877,5
SAMPLE 1878,5
SAMPLE 1879,4
SAMPLE 1880,4
SAMPLE 1881,4
SAMPLE 1882,4
SAMPLE 1883,3
SAMPLE 1884,12
SAMPLE 1885,3
SAMPLE 1886,9
SAMPLE 1887,9
SAMPLE 1888,11
SAMPLE 1889,1
SAMPLE 1890,1
SAMPLE 1891,1
SAMPLE 1892,13
SAMPLE 1893,13
SAMPLE 1894,1
SAMPLE 1895,12
SAMPLE 1896,12
SAMPLE 1897,12
SAMPLE 1898,12
SAMPLE 1899,12
SAMPLE 1900,12
SAMPLE 1901,12
SAMPLE 1902,12
SAMPLE 1903,12
SAMPLE 1904,12
SAMPLE 1905,6
SAMPLE 1906,11
SAMPLE 1907,4
SAMPLE 1908,13
SAMPLE 1909,6
SAMPLE 1910,12
SAMPLE 1911,12
SAMPLE 1912,6
SAMPLE 1913,14
SAMPLE 1914,14
SAMPLE 1915,4
SAMPLE 1916,4
SAMPLE 1917,4
SAMPLE 1918,4
SAMPLE 1919,4
SAMPLE 1920,4
SAMPLE 1921,13
SAMPLE 1922,2
SAMPLE 1923,2
SAMPLE 1924,6
SAMPLE 1925,4
SAMPLE 1926,12
SAMPLE 1927,4
SAMPLE 1928,12
SAMPLE 1929,4
SAMPLE 1930,5
SAMPLE 1931,4
SAMPLE 1932,13
SAMPLE 1933,4
SAMPLE 1934,4
SAMPLE 1935,14
SAMPLE 1936,4
SAMPLE 1937,12
SAMPLE 1938,4
SAMPLE 1939,4
SAMPLE 1940,4
SAMPLE 1941,4
SAMPLE 1942,4
SAMPLE 1943,4
SAMPLE 1944,4
SAMPLE 1945,4
SAMPLE 1946,4
SAMPLE 1947,4
SAMPLE 1948,4
SAMPLE 1949,4
SAMPLE 1950,4
SAMPLE 1951,4
SAMPLE 1952,4
SAMPLE 1953,4
SAMPLE 1954,4
SAMPLE 1955,4
SAMPLE 1956,4
SAMPLE 1957,10
SAMPLE 1958,6
SAMPLE 1959,14
SAMPLE 1960,14
SAMPLE 1961,14
SAMPLE 1962,11
SAMPLE 1963,14
SAMPLE 1964,11
SAMPLE 1965,11
SAMPLE 1966,5
SAMPLE 1967,4
SAMPLE 1968,6
SAMPLE 1969,13
SAMPLE 1970,11
SAMPLE 1971,14
SAMPLE 1972,14
SAMPLE 1973,13
SAMPLE 1974,3
SAMPLE 1975,4
SAMPLE 1976,3
SAMPLE 1977,3
SAMPLE 1978,4
SAMPLE 1979,4
SAMPLE 1980,2
SAMPLE 1981,2
SAMPLE 1982,2
SAMPLE 1983,2
SAMPLE 1984,2
SAMPLE 1985,2
SAMPLE 1986,2
SAMPLE 1987,2
SAMPLE 1988,2
SAMPLE 1989,2
SAMPLE 1990,2
SAMPLE 1991,2
SAMPLE 1992,12
SAMPLE 1993,3
SAMPLE 1994,4
SAMPLE 1995,14
SAMPLE 1996,11
SAMPLE 1997,4
SAMPLE 1998,4
SAMPLE 1999,6
SAMPLE 2000,1
SAMPLE 2001,2
SAMPLE 2002,4
SAMPLE 2003,11
SAMPLE 2004,11
SAMPLE 2005,3
SAMPLE 2006,4
SAMPLE 2007,4
SAMPLE 2008,4
SAMPLE 2009,4
SAMPLE 2010,11
SAMPLE 2011,4
SAMPLE 2012,11
SAMPLE 2013,11
SAMPLE 2014,12
SAMPLE 2015,3
SAMPLE 2016,3
SAMPLE 2017,3
SAMPLE 2018,4
SAMPLE 2019,14
SAMPLE 2020,4
SAMPLE 2021,3
SAMPLE 2022,11
SAMPLE 2023,7
SAMPLE 2024,4
SAMPLE 2025,12
SAMPLE 2026,12
SAMPLE 2027,2
SAMPLE 2028,2
SAMPLE 2029,2
SAMPLE 2030,4
SAMPLE 2031,12
SAMPLE 2032,12
SAMPLE 2033,12
SAMPLE 2034,12
SAMPLE 2035,12
SAMPLE 2036,12
SAMPLE 2037,14
SAMPLE 2038,3
SAMPLE 2039,4
SAMPLE 2040,4
SAMPLE 2041,11
SAMPLE 2042,4
SAMPLE 2043,4
SAMPLE 2044,4
SAMPLE 2045,4
SAMPLE 2046,11
SAMPLE 2047,4
SAMPLE 2048,4
SAMPLE 2049,4
SAMPLE 2050,3
SAMPLE 2051,11
SAMPLE 2052,12
SAMPLE 2053,12
SAMPLE 2054,12
SAMPLE 2055,3
SAMPLE 2056,3
SAMPLE 2057,4
SAMPLE 2058,6
SAMPLE 2059,12
SAMPLE 2060,4
SAMPLE 2061,13
SAMPLE 2062,11
SAMPLE 2063,11
SAMPLE 2064,12
SAMPLE 2065,14
SAMPLE 2066,12
SAMPLE 2067,3
SAMPLE 2068,4
SAMPLE 2069,6
SAMPLE 2070,2
SAMPLE 2071,2
SAMPLE 2072,4
SAMPLE 2073,11
SAMPLE 2074,4
SAMPLE 2075,4
SAMPLE 2076,4
SAMPLE 2077,5
SAMPLE 2078,2
SAMPLE 2079,6
SAMPLE 2080,6
SAMPLE 2081,2
SAMPLE 2082,6
SAMPLE 2083,5
SAMPLE 2084,6
SAMPLE 2085,6
SAMPLE 2086,6
SAMPLE 2087,2
SAMPLE 2088,6
SAMPLE 2089,6
SAMPLE 2090,6
SAMPLE 2091,6
SAMPLE 2092,6
SAMPLE 2093,6
SAMPLE 2094,6
SAMPLE 2095,6
SAMPLE 2096,6
SAMPLE 2097,6
SAMPLE 2098,6
SAMPLE 2099,6
SAMPLE 2100,6
SAMPLE 2101,6
SAMPLE 2102,2
SAMPLE 2103,6
SAMPLE 2104,5
SAMPLE 2105,6
SAMPLE 2106,6
SAMPLE 2107,6
SAMPLE 2108,5
SAMPLE 2109,5
SAMPLE 2110,6
SAMPLE 2111,5
SAMPLE 2112,6
SAMPLE 2113,2
SAMPLE 2114,6
SAMPLE 2115,6
SAMPLE 2116,6
SAMPLE 2117,5
SAMPLE 2118,6
SAMPLE 2119,6
SAMPLE 2120,6
SAMPLE 2121,2
SAMPLE 2122,6
SAMPLE 2123,6
SAMPLE 2124,6
SAMPLE 2125,5
SAMPLE 2126,6
SAMPLE 2127,6
SAMPLE 2128,6
SAMPLE 2129,4
SAMPLE 2130,6
SAMPLE 2131,6
SAMPLE 2132,6
SAMPLE 2133,6
SAMPLE 2134,6
SAMPLE 2135,5
SAMPLE 2136,6
SAMPLE 2137,6
SAMPLE 2138,5
SAMPLE 2139,3
SAMPLE 2140,4
SAMPLE 2141,13
SAMPLE 2142,3
SAMPLE 2143,3
SAMPLE 2144,3
SAMPLE 2145,3
SAMPLE 2146,12
SAMPLE 2147,3
SAMPLE 2148,4
SAMPLE 2149,7
SAMPLE 2150,11
SAMPLE 2151,11
SAMPLE 2152,14
SAMPLE 2153,7
SAMPLE 2154,2
SAMPLE 2155,2
SAMPLE 2156,2
SAMPLE 2157,2
SAMPLE 2158,2
SAMPLE 2159,2
SAMPLE 2160,2
SAMPLE 2161,2
SAMPLE 2162,6
SAMPLE 2163,6
SAMPLE 2164,6
SAMPLE 2165,11
SAMPLE 2166,4
SAMPLE 2167,11
SAMPLE 2168,4
SAMPLE 2169,3
SAMPLE 2170,7
SAMPLE 2171,14
SAMPLE 2172,3
SAMPLE 2173,12
SAMPLE 2174,3
SAMPLE 2175,3
SAMPLE 2176,4
SAMPLE 2177,4
SAMPLE 2178,4
SAMPLE 2179,8
SAMPLE 2180,3
SAMPLE 2181,3
SAMPLE 2182,5
SAMPLE 2183,4
SAMPLE 2184,12
SAMPLE 2185,12
SAMPLE 2186,10
SAMPLE 2187,2
SAMPLE 2188,6
SAMPLE 2189,6
SAMPLE 2190,6
SAMPLE 2191,6
SAMPLE 2192,6
SAMPLE 2193,6
SAMPLE 2194,6
SAMPLE 2195,6
SAMPLE 2196,6
SAMPLE 2197,6
SAMPLE 2198,4
SAMPLE 2199,14
SAMPLE 2200,3
SAMPLE 2201,12
SAMPLE 2202,3
SAMPLE 2203,3
SAMPLE 2204,3
SAMPLE 2205,6
SAMPLE 2206,13
SAMPLE 2207,4
SAMPLE 2208,4
SAMPLE 2209,11
SAMPLE 2210,12
SAMPLE 2211,3
SAMPLE 2212,4
SAMPLE 2213,3
SAMPLE 2214,2
SAMPLE 2215,9
SAMPLE 2216,12
SAMPLE 2217,4
SAMPLE 2218,3
SAMPLE 2219,11
SAMPLE 2220,4
SAMPLE 2221,3
SAMPLE 2222,11
SAMPLE 2223,11
SAMPLE 2224,11
SAMPLE 2225,2
SAMPLE 2226,1
SAMPLE 2227,6
SAMPLE 2228,12
SAMPLE 2229,4
SAMPLE 2230,5
SAMPLE 2231,3
SAMPLE 2232,3
SAMPLE 2233,12
SAMPLE 2234,6
SAMPLE 2235,12
SAMPLE 2236,12
SAMPLE 2237,5
SAMPLE 2238,6
SAMPLE 2239,4
SAMPLE 2240,12
SAMPLE 2241,12
SAMPLE 2242,12
SAMPLE 2243,12
SAMPLE 2244,12
SAMPLE 2245,12
SAMPLE 2246,12
SAMPLE 2247,4
SAMPLE 2248,3
SAMPLE 2249,8
SAMPLE 2250,5
SAMPLE 2251,5
SAMPLE 2252,4
SAMPLE 2253,12
SAMPLE 2254,3
SAMPLE 2255,14
SAMPLE 2256,3
SAMPLE 2257,5
SAMPLE 2258,4
SAMPLE 2259,3
SAMPLE 2260,12
SAMPLE 2261,5
SAMPLE 2262,13
SAMPLE 2263,4
SAMPLE 2264,12
SAMPLE 2265,11
SAMPLE 2266,4
SAMPLE 2267,4
SAMPLE 2268,12
SAMPLE 2269,3
SAMPLE 2270,6
SAMPLE 2271,6
SAMPLE 2272,6
SAMPLE 2273,13
SAMPLE 2274,3
SAMPLE 2275,3
SAMPLE 2276,3
SAMPLE 2277,3
SAMPLE 2278,3
SAMPLE 2279,3
SAMPLE 2280,3
SAMPLE 2281,4
SAMPLE 2282,3
SAMPLE 2283,4
SAMPLE 2284,3
SAMPLE 2285,2
SAMPLE 2286,3
SAMPLE 2287,7
SAMPLE 2288,13
SAMPLE 2289,4
SAMPLE 2290,12
SAMPLE 2291,12
SAMPLE 2292,14
SAMPLE 2293,3
SAMPLE 2294,3
SAMPLE 2295,3
SAMPLE 2296,12
SAMPLE 2297,4
SAMPLE 2298,4
SAMPLE 2299,12
SAMPLE 2300,5
SAMPLE 2301,3
SAMPLE 2302,4
SAMPLE 2303,2
SAMPLE 2304,12
SAMPLE 2305,5
SAMPLE 2306,3
SAMPLE 2307,3
SAMPLE 2308,3
SAMPLE 2309,3
SAMPLE 2310,3
SAMPLE 2311,3
SAMPLE 2312,3
SAMPLE 2313,3
SAMPLE 2314,12
SAMPLE 2315,12
SAMPLE 2316,12
SAMPLE 2317,12
SAMPLE 2318,12
SAMPLE 2319,5
SAMPLE 2320,3
SAMPLE 2321,3
SAMPLE 2322,4
SAMPLE 2323,3
SAMPLE 2324,3
SAMPLE 2325,4
SAMPLE 2326,4
SAMPLE 2327,4
SAMPLE 2328,5
SAMPLE 2329,5
SAMPLE 2330,4
SAMPLE 2331,3
SAMPLE 2332,3
SAMPLE 2333,3
SAMPLE 2334,3
SAMPLE 2335,4
SAMPLE 2336,4
SAMPLE 2337,14
SAMPLE 2338,7
SAMPLE 2339,12
SAMPLE 2340,12
SAMPLE 2341,12
SAMPLE 2342,12
SAMPLE 2343,12
SAMPLE 2344,3
SAMPLE 2345,4
SAMPLE 2346,9
SAMPLE 2347,4
SAMPLE 2348,11
SAMPLE 2349,12
SAMPLE 2350,2
SAMPLE 2351,12
SAMPLE 2352,5
SAMPLE 2353,13
SAMPLE 2354,2
SAMPLE 2355,2
SAMPLE 2356,3
SAMPLE 2357,7
SAMPLE 2358,3
SAMPLE 2359,11
SAMPLE 2360,4
SAMPLE 2361,3
SAMPLE 2362,6
SAMPLE 2363,12
SAMPLE 2364,4
SAMPLE 2365,11
SAMPLE 2366,3
SAMPLE 2367,4
SAMPLE 2368,5
SAMPLE 2369,5
SAMPLE 2370,5
SAMPLE 2371,3
SAMPLE 2372,4
SAMPLE 2373,5
SAMPLE 2374,5
SAMPLE 2375,5
SAMPLE 2376,5
SAMPLE 2377,5
SAMPLE 2378,5
SAMPLE 2379,5
SAMPLE 2380,5
SAMPLE 2381,5
SAMPLE 2382,5
SAMPLE 2383,5
SAMPLE 2384,4
SAMPLE 2385,4
SAMPLE 2386,5
SAMPLE 2387,5
SAMPLE 2388,5
SAMPLE 2389,3
SAMPLE 2390,3
SAMPLE 2391,6
SAMPLE 2392,12
SAMPLE 2393,12
SAMPLE 2394,4
SAMPLE 2395,2
SAMPLE 2396,4
SAMPLE 2397,12
SAMPLE 2398,5
SAMPLE 2399,5
SAMPLE 2400,5
SAMPLE 2401,5
SAMPLE 2402,5
SAMPLE 2403,5
SAMPLE 2404,5
SAMPLE 2405,5
SAMPLE 2406,5
SAMPLE 2407,5
SAMPLE 2408,5
SAMPLE 2409,3
SAMPLE 2410,6
SAMPLE 2411,13
SAMPLE 2412,4
SAMPLE 2413,4
SAMPLE 2414,3
SAMPLE 2415,4
SAMPLE 2416,3
SAMPLE 2417,3
SAMPLE 2418,4
SAMPLE 2419,4
SAMPLE 2420,8
SAMPLE 2421,13
SAMPLE 2422,6
SAMPLE 2423,8
SAMPLE 2424,3
SAMPLE 2425,3
SAMPLE 2426,12
SAMPLE 2427,4
SAMPLE 2428,4
SAMPLE 2429,4
SAMPLE 2430,12
SAMPLE 2431,12
SAMPLE 2432,12
SAMPLE 2433,4
SAMPLE 2434,3
SAMPLE 2435,12
SAMPLE 2436,13
SAMPLE 2437,14
SAMPLE 2438,14
SAMPLE 2439,14
SAMPLE 2440,3
SAMPLE 2441,3
SAMPLE 2442,12
SAMPLE 2443,12
SAMPLE 2444,8
SAMPLE 2445,4
SAMPLE 2446,12
SAMPLE 2447,1
SAMPLE 2448,6
SAMPLE 2449,8
SAMPLE 2450,3
SAMPLE 2451,13
SAMPLE 2452,4
SAMPLE 2453,3
SAMPLE 2454,14
SAMPLE 2455,11
SAMPLE 2456,4
SAMPLE 2457,3
SAMPLE 2458,6
SAMPLE 2459,13
SAMPLE 2460,12
SAMPLE 2461,3
SAMPLE 2462,4
SAMPLE 2463,13
SAMPLE 2464,3
SAMPLE 2465,13
SAMPLE 2466,6
SAMPLE 2467,13
SAMPLE 2468,3
SAMPLE 2469,3
SAMPLE 2470,8
SAMPLE 2471,12
SAMPLE 2472,3
SAMPLE 2473,3
SAMPLE 2474,4
SAMPLE 2475,14
SAMPLE 2476,4
SAMPLE 2477,14
SAMPLE 2478,4
SAMPLE 2479,4
SAMPLE 2480,4
SAMPLE 2481,4
SAMPLE 2482,11
SAMPLE 2483,6
SAMPLE 2484,12
SAMPLE 2485,4
SAMPLE 2486,8
SAMPLE 2487,6
SAMPLE 2488,6
SAMPLE 2489,6
SAMPLE 2490,6
SAMPLE 2491,6
SAMPLE 2492,6
SAMPLE 2493,6
SAMPLE 2494,6
SAMPLE 2495,6
SAMPLE 2496,6
SAMPLE 2497,6
SAMPLE 2498,6
SAMPLE 2499,6
SAMPLE 2500,6
SAMPLE 2501,6
SAMPLE 2502,6
SAMPLE 2503,6
SAMPLE 2504,6
SAMPLE 2505,6
SAMPLE 2506,6
SAMPLE 2507,6
SAMPLE 2508,5
SAMPLE 2509,5
SAMPLE 2510,6
SAMPLE 2511,6
SAMPLE 2512,4
SAMPLE 2513,4
SAMPLE 2514,6
SAMPLE 2515,1
SAMPLE 2516,2
SAMPLE 2517,3
SAMPLE 2518,4
SAMPLE 2519,3
SAMPLE 2520,3
SAMPLE 2521,3
SAMPLE 2522,4
SAMPLE 2523,14
SAMPLE 2524,7
SAMPLE 2525,8
SAMPLE 2526,14
SAMPLE 2527,3
SAMPLE 2528,13
SAMPLE 2529,12
SAMPLE 2530,12
SAMPLE 2531,4
SAMPLE 2532,3
SAMPLE 2533,12
SAMPLE 2534,5
SAMPLE 2535,4
SAMPLE 2536,4
SAMPLE 2537,4
SAMPLE 2538,6
SAMPLE 2539,5
SAMPLE 2540,4
SAMPLE 2541,4
SAMPLE 2542,4
SAMPLE 2543,4
SAMPLE 2544,4
SAMPLE 2545,4
SAMPLE 2546,4
SAMPLE 2547,4
SAMPLE 2548,6
SAMPLE 2549,4
SAMPLE 2550,4
SAMPLE 2551,4
SAMPLE 2552,5
SAMPLE 2553,10
SAMPLE 2554,5
SAMPLE 2555,5
SAMPLE 2556,10
SAMPLE 2557,10
SAMPLE 2558,11
SAMPLE 2559,10
SAMPLE 2560,10
SAMPLE 2561,5
SAMPLE 2562,10
SAMPLE 2563,5
SAMPLE 2564,5
SAMPLE 2565,5
SAMPLE 2566,5
SAMPLE 2567,10
SAMPLE 2568,5
SAMPLE 2569,5
SAMPLE 2570,4
SAMPLE 2571,3
SAMPLE 2572,14
SAMPLE 2573,5
SAMPLE 2574,4
SAMPLE 2575,4
SAMPLE 2576,4
SAMPLE 2577,3
SAMPLE 2578,4
SAMPLE 2579,4
SAMPLE 2580,8
SAMPLE 2581,3
SAMPLE 2582,2
SAMPLE 2583,3
SAMPLE 2584,4
SAMPLE 2585,4
SAMPLE 2586,4
SAMPLE 2587,3
SAMPLE 2588,3
SAMPLE 2589,3
SAMPLE 2590,3
SAMPLE 2591,12
SAMPLE 2592,2
SAMPLE 2593,2
SAMPLE 2594,2
SAMPLE 2595,4
SAMPLE 2596,8
SAMPLE 2597,14
SAMPLE 2598,4
SAMPLE 2599,4
SAMPLE 2600,4
SAMPLE 2601,3
SAMPLE 2602,4
SAMPLE 2603,4
SAMPLE 2604,4
SAMPLE 2605,4
SAMPLE 2606,4
SAMPLE 2607,3
SAMPLE 2608,5
SAMPLE 2609,3
SAMPLE 2610,3
SAMPLE 2611,3
SAMPLE 2612,4
SAMPLE 2613,4
SAMPLE 2614,3
SAMPLE 2615,4
SAMPLE 2616,3
SAMPLE 2617,3
SAMPLE 2618,12
SAMPLE 2619,4
SAMPLE 2620,4
SAMPLE 2621,3
SAMPLE 2622,3
SAMPLE 2623,4
SAMPLE 2624,4
SAMPLE 2625,4
SAMPLE 2626,4
SAMPLE 2627,4
SAMPLE 2628,4
SAMPLE 2629,4
SAMPLE 2630,4
SAMPLE 2631,11
SAMPLE 2632,11
SAMPLE 2633,3
SAMPLE 2634,3
SAMPLE 2635,4
SAMPLE 2636,4
SAMPLE 2637,4
SAMPLE 2638,4
SAMPLE 2639,4
SAMPLE 2640,4
SAMPLE 2641,8
SAMPLE 2642,3
SAMPLE 2643,3
SAMPLE 2644,3
SAMPLE 2645,4
SAMPLE 2646,12
SAMPLE 2647,3
SAMPLE 2648,11
SAMPLE 2649,11
SAMPLE 2650,12
SAMPLE 2651,4
SAMPLE 2652,8
SAMPLE 2653,8
SAMPLE 2654,8
SAMPLE 2655,12
SAMPLE 2656,4
SAMPLE 2657,4
SAMPLE 2658,12
SAMPLE 2659,12
SAMPLE 2660,4
SAMPLE 2661,12
SAMPLE 2662,8
SAMPLE 2663,12
SAMPLE 2664,2
SAMPLE 2665,2
SAMPLE 2666,2
SAMPLE 2667,10
SAMPLE 2668,10
SAMPLE 2669,10
SAMPLE 2670,4
SAMPLE 2671,4
SAMPLE 2672,4
SAMPLE 2673,4
SAMPLE 2674,4
SAMPLE 2675,4
SAMPLE 2676,4
SAMPLE 2677,4
SAMPLE 2678,6
SAMPLE 2679,10
SAMPLE 2680,11
SAMPLE 2681,11
SAMPLE 2682,6
SAMPLE 2683,4
SAMPLE 2684,4
SAMPLE 2685,4
SAMPLE 2686,4
SAMPLE 2687,4
SAMPLE 2688,11
SAMPLE 2689,5
SAMPLE 2690,4
SAMPLE 2691,4
SAMPLE 2692,12
SAMPLE 2693,5
SAMPLE 2694,5
SAMPLE 2695,5
SAMPLE 2696,5
SAMPLE 2697,5
SAMPLE 2698,5
SAMPLE 2699,5
SAMPLE 2700,5
SAMPLE 2701,5
SAMPLE 2702,4
SAMPLE 2703,3
SAMPLE 2704,3
SAMPLE 2705,3
SAMPLE 2706,4
SAMPLE 2707,4
SAMPLE 2708,4
SAMPLE 2709,4
SAMPLE 2710,5
SAMPLE 2711,5
SAMPLE 2712,5
SAMPLE 2713,5
SAMPLE 2714,5
SAMPLE 2715,5
SAMPLE 2716,5
SAMPLE 2717,5
SAMPLE 2718,4
SAMPLE 2719,3
SAMPLE 2720,4
SAMPLE 2721,4
SAMPLE 2722,13
SAMPLE 2723,4
SAMPLE 2724,7
SAMPLE 2725,7
SAMPLE 2726,7
SAMPLE 2727,7
SAMPLE 2728,7
SAMPLE 2729,5
SAMPLE 2730,5
SAMPLE 2731,5
SAMPLE 2732,5
SAMPLE 2733,5
SAMPLE 2734,10
SAMPLE 2735,14
SAMPLE 2736,1
SAMPLE 2737,5
SAMPLE 2738,5
SAMPLE 2739,5
SAMPLE 2740,5
SAMPLE 2741,5
SAMPLE 2742,5
SAMPLE 2743,5
SAMPLE 2744,5
SAMPLE 2745,5
SAMPLE 2746,4
SAMPLE 2747,1
SAMPLE 2748,4
SAMPLE 2749,4
SAMPLE 2750,4
SAMPLE 2751,4
SAMPLE 2752,4
SAMPLE 2753,4
SAMPLE 2754,4
SAMPLE 2755,4
SAMPLE 2756,4
SAMPLE 2757,4
SAMPLE 2758,4
SAMPLE 2759,4
SAMPLE 2760,1
SAMPLE 2761,5
SAMPLE 2762,5
SAMPLE 2763,5
SAMPLE 2764,5
SAMPLE 2765,5
SAMPLE 2766,5
SAMPLE 2767,5
SAMPLE 2768,5
SAMPLE 2769,5
SAMPLE 2770,5
SAMPLE 2771,2
SAMPLE 2772,4
SAMPLE 2773,4
SAMPLE 2774,4
SAMPLE 2775,4
SAMPLE 2776,2
SAMPLE 2777,4
SAMPLE 2778,11
SAMPLE 2779,11
SAMPLE 2780,11
SAMPLE 2781,4
SAMPLE 2782,4
SAMPLE 2783,4
SAMPLE 2784,9
SAMPLE 2785,1
SAMPLE 2786,7
SAMPLE 2787,5
SAMPLE 2788,5
SAMPLE 2789,5
SAMPLE 2790,5
SAMPLE 2791,5
SAMPLE 2792,5
SAMPLE 2793,5
SAMPLE 2794,5
SAMPLE 2795,8
SAMPLE 2796,4
SAMPLE 2797,5
SAMPLE 2798,4
SAMPLE 2799,14
SAMPLE 2800,4
SAMPLE 2801,4
